{"assets/black-lite-standing-front-flashing.webp":["assets/black-lite-standing-front-flashing.webp"],"assets/black-lite-standing-front.webp":["assets/black-lite-standing-front.webp"],"assets/black-ultra-standing-front-flashing.webp":["assets/black-ultra-standing-front-flashing.webp"],"assets/black-ultra-standing-front.webp":["assets/black-ultra-standing-front.webp"],"assets/firmware/firmware.zip":["assets/firmware/firmware.zip"],"assets/fonts/RobotoMono-Regular.ttf":["assets/fonts/RobotoMono-Regular.ttf"],"assets/logo.png":["assets/logo.png"],"packages/wakelock_plus/assets/no_sleep.js":["packages/wakelock_plus/assets/no_sleep.js"]}